[
  {
    "value": "Berry X Model",
    "synonyms": [
      "Berry_X_Model",
      "Berry X Model",
      "X Phone",
      "Berry X",
      "Berry Phone X",
      "Berry X Phone"
    ]
  },
  {
    "value": "Berry Model Pro",
    "synonyms": [
      "Berry_Pro",
      "Berry Pro",
      "Phone Pro",
      "Berry Model Pro",
      "Berry Phone Pro"
    ]
  },
  {
    "value": "Berry Model 12",
    "synonyms": [
      "Berry_Model_12",
      "Berry Phone 12",
      "Phone 12",
      "Berry Model 12"
    ]
  },
  {
    "value": "Berry Model 12 XL",
    "synonyms": [
      "Berry_Model_12_XL",
      "Berry Phone 12 XL",
      "Berry 12 XL",
      "Berry Model 12 XL",
      "Phone 12 XL"
    ]
  },
  {
    "value": "Berry Model 11",
    "synonyms": [
      "Berry Model 11",
      "Berry_Model_11",
      "Berry Phone 11",
      "Phone 11"
    ]
  },
  {
    "value": "Berry PC Model 5",
    "synonyms": [
      "Berry PC Model 5",
      "Berry_PC_Model_5",
      "PC Model 5",
      "Berry Computer 5",
      "Berry Laptop 5",
      "PC 5",
      "Computer 5",
      "Laptop 5"
    ]
  },
  {
    "value": "Berry PC Model 4",
    "synonyms": [
      "Berry PC Model 4",
      "Berry_PC_Model_4",
      "Berry Laptop 4",
      "Berry PC 4",
      "Berry Computer 4",
      "PC 4",
      "Computer 4",
      "Laptop 4",
      "PC Model 4"
    ]
  },
  {
    "value": "Berry PC Model 3",
    "synonyms": [
      "Berry PC Model 3",
      "Berry_PC_Model 3",
      "PC Model 3",
      "Berry PC 3",
      "Berry Computer 3",
      "Berry Laptop 3",
      "PC 3",
      "Computer 3",
      "Laptop 3"
    ]
  },
  {
    "value": "Berry Laptop X",
    "synonyms": [
      "Berry Laptop X",
      "Berry_Laptop_X",
      "Laptop X",
      "Computer X",
      "PC X",
      "Berry Computer X",
      "Berry PC X"
    ]
  }
]