[
  {
    "value": "499.99",
    "synonyms": [
      "499.99",
      "$499.99"
    ]
  },
  {
    "value": "599.99",
    "synonyms": [
      "599.99",
      "$599.99"
    ]
  },
  {
    "value": "650.00",
    "synonyms": [
      "650.00",
      "$650.00"
    ]
  },
  {
    "value": "799.99",
    "synonyms": [
      "799.99",
      "$799.99"
    ]
  },
  {
    "value": "899.99",
    "synonyms": [
      "899.99",
      "$899.99"
    ]
  },
  {
    "value": "999.99",
    "synonyms": [
      "999.99",
      "$999.99"
    ]
  },
  {
    "value": "1299.99",
    "synonyms": [
      "1299.99",
      "$129.99"
    ]
  },
  {
    "value": "1599.99",
    "synonyms": [
      "1599.99",
      "$1599.99"
    ]
  },
  {
    "value": "1899.99",
    "synonyms": [
      "1899.99",
      "$1899.99"
    ]
  }
]