[
  {
    "id": "82547c98-3e0c-4390-8004-aa85abca0c30",
    "data": [
      {
        "text": "browse",
        "userDefined": false
      }
    ],
    "isTemplate": false,
    "count": 1,
    "lang": "en",
    "updated": 0
  },
  {
    "id": "ed1d099f-863c-4f32-af09-7a838b52acf5",
    "data": [
      {
        "text": "list",
        "userDefined": false
      }
    ],
    "isTemplate": false,
    "count": 0,
    "lang": "en",
    "updated": 0
  },
  {
    "id": "96948224-7dae-423a-96f1-4bfc10c675df",
    "data": [
      {
        "text": "search",
        "userDefined": false
      }
    ],
    "isTemplate": false,
    "count": 0,
    "lang": "en",
    "updated": 0
  },
  {
    "id": "b6ec789f-e00f-4a90-8d5b-0c87485f707f",
    "data": [
      {
        "text": "Show list",
        "userDefined": false
      }
    ],
    "isTemplate": false,
    "count": 0,
    "lang": "en",
    "updated": 0
  }
]